StudentID,FirstName,LastName,Random Forest_Prediction,Random Forest_Probability
881,,,1,0.5059895036964348
752,,,1,0.7638866504300011
506,,,0,0.3078720811735615
571,,,1,0.5539215106873803
553,,,1,0.7396547800724391
461,,,1,0.5610124153990835
481,,,0,0.4156871445691705
825,,,1,0.6005381445246083
119,,,1,0.6002138981284796
362,,,1,0.6533488285190228
690,,,0,0.4852867839587761
334,,,0,0.3447476747867784
143,,,1,0.5215887451807171
926,,,0,0.3218431058787067
216,,,0,0.4969487785109415
309,,,1,0.702196233516237
788,,,0,0.49526263891057626
842,,,0,0.4698543444586994
306,,,0,0.4557160709433765
702,,,0,0.4225247037447874
613,,,1,0.7000579098106673
517,,,0,0.4784043161659765
378,,,1,0.6264017295659845
366,,,1,0.7612612685692777
863,,,1,0.8231118023793299
898,,,1,0.5569754611160878
130,,,0,0.4903589676716073
419,,,0,0.4626716679381544
195,,,1,0.5144669927885073
798,,,0,0.4839046253251362
601,,,1,0.5316582161582698
156,,,1,0.5543464613808698
793,,,1,0.5973037770495417
171,,,1,0.7291483333210925
780,,,1,0.5821469109496749
447,,,1,0.7697599021230371
859,,,1,0.7231902094993597
503,,,1,0.5895837520825343
423,,,1,0.7223295030134483
300,,,0,0.438163364397356
234,,,1,0.5290746383146043
630,,,1,0.616994410153081
167,,,1,0.5979603015566003
144,,,0,0.4760414207231639
384,,,1,0.5341687173849333
816,,,1,0.5977912634942207
654,,,1,0.731031404313391
581,,,1,0.7985004982430803
655,,,1,0.5889353186196697
232,,,1,0.5335799859587688
514,,,1,0.503280350693165
333,,,1,0.514840641061931
233,,,1,0.5465772153827636
665,,,0,0.4956495120687128
329,,,1,0.5010797713281296
629,,,1,0.5783799072850704
593,,,1,0.5536629412615167
673,,,1,0.5937534490120544
794,,,1,0.5794242170790691
685,,,1,0.5644683526505372
735,,,1,0.6407053450227385
395,,,1,0.580417910416826
928,,,1,0.5775316996560061
699,,,1,0.5769192699075476
296,,,1,0.6601717299902916
827,,,1,0.5821469109496749
312,,,1,0.5935319068521572
485,,,1,0.6601717299902916
455,,,1,0.6035869879597788
151,,,1,0.5262425102208094
667,,,1,0.5341687173849333
467,,,1,0.698443179419242
516,,,1,0.5877886864841166
381,,,0,0.4839046253251362
360,,,1,0.6470565043538953
676,,,1,0.5827420063383051
802,,,1,0.5549047060291042
181,,,1,0.6431352572536594
646,,,1,0.5362063992473032
551,,,1,0.5480426251130123
865,,,1,0.5773626615936266
304,,,1,0.5646373907129167
149,,,0,0.4874211046270552
457,,,1,0.5659529407507925
439,,,1,0.5648286323349959
762,,,0,0.4553462049260733
476,,,1,0.5364717178917541
140,,,0,0.4575390897653848
527,,,1,0.5517488547175167
614,,,1,0.7201429261471575
336,,,1,0.8414669909657726
723,,,1,0.5788027765895929
450,,,1,0.7752696265619811
619,,,1,0.5550737440914839
365,,,1,0.5785845761885715
236,,,1,0.5540837291831024
855,,,1,0.5863537634942207
739,,,1,0.5823159490120545
471,,,1,0.5721379304946624
442,,,1,0.5512929488731886
135,,,1,0.5877886864841166
823,,,1,0.5542460881481913
325,,,1,0.565893639646864
295,,,1,0.6616285389333811
238,,,1,0.6035531069234427
722,,,1,0.6035869879597788
178,,,1,0.5355289806610755
626,,,1,0.5640286402493432
235,,,1,0.5097346930396361
884,,,1,0.5863537634942207
427,,,1,0.5366407559541337
712,,,1,0.5607004304946624
448,,,1,0.6029745582113203
469,,,1,0.5765202245464962
835,,,1,0.6299735658737551
631,,,1,0.6527410358873331
331,,,1,0.6665551592639565
546,,,1,0.5870780115153097
322,,,1,0.5751209323977219
830,,,0,0.4832835667248421
934,,,1,0.5496818276923888
299,,,1,0.6158688671544098
809,,,0,0.4956495120687128
672,,,0,0.438163364397356
579,,,1,0.5850188830807691
349,,,1,0.8165487776709662
340,,,1,0.7276287378142519
657,,,1,0.5592998416221445
628,,,0,0.4575390897653848
582,,,1,0.5170959925237253
302,,,1,0.5034493887555446
431,,,1,0.5404765074734827
695,,,1,0.5294975076191268
545,,,1,0.5577655733749736
691,,,1,0.6083187332183095
650,,,1,0.6529977167172456
220,,,1,0.6060664984199375
841,,,1,0.5644686540585412
258,,,1,0.6411891316735725
828,,,1,0.5699057460225254
372,,,1,0.534337755447313
573,,,1,0.5151942754991213
192,,,1,0.5067968299950841
480,,,0,0.4956495120687128
662,,,1,0.5540837291831024
356,,,1,0.5549047060291042
923,,,1,0.5366407559541337
454,,,1,0.5364717178917541
600,,,1,0.5765202245464962
743,,,1,0.5850659926135109
418,,,1,0.5464742949018582
204,,,1,0.51002059157696
932,,,1,0.5404765074734827
250,,,1,0.5821469109496749
425,,,1,0.5542460881481913
328,,,1,0.5644683526505372
844,,,1,0.5478735870506326
505,,,1,0.6408947502440276
353,,,1,0.5713045063383051
124,,,1,0.6387083979665563
862,,,0,0.48496656295975293
524,,,1,0.5879577245464962
131,,,1,0.8013323958657694
153,,,0,0.465864936424248
118,,,1,0.5823159490120545
337,,,1,0.5765202245464962
729,,,1,0.5736284926135109
330,,,1,0.5569754611160878
196,,,1,0.5356980187234551
879,,,1,0.5144426947730633
653,,,1,0.5891604412780853
243,,,0,0.4884274564571532
141,,,1,0.5763511864841167
479,,,1,0.5512929488731886
851,,,0,0.45191819197634525
916,,,0,0.474007830695778
848,,,1,0.5923185260221585
184,,,1,0.5673600845835225
114,,,1,0.547135518723455
341,,,1,0.6134720971016197
530,,,1,0.6339059818292176
421,,,1,0.5797121107701647
684,,,1,0.6339059818292176
870,,,1,0.7866326320894191
821,,,1,0.7847409786442759
357,,,1,0.671245706763165
260,,,1,0.6473096594389492
203,,,1,0.7945188860738677
592,,,1,0.8037724346651478
286,,,1,0.8015481933477002
350,,,1,0.8236781769582161
635,,,1,0.6359077902800706
764,,,1,0.6534252760774996
840,,,1,0.6534252760774996
697,,,1,0.6773152207796815
179,,,1,0.6063174982569667
789,,,1,0.6238349840543957
605,,,1,0.6754524834179698
814,,,1,0.6534252760774996
632,,,1,0.7994990381372756
473,,,1,0.8036700548594762
706,,,1,0.6238349840543957
433,,,1,0.6880716837752631
754,,,1,0.6648271452363781
470,,,1,0.7915012287849273
277,,,1,0.7988614934186598
496,,,1,0.6483260075299552
819,,,1,0.6473096594389492
533,,,1,0.6549598760859534
445,,,1,0.657458905927336
154,,,1,0.5797121107701647
906,,,1,0.6820203846376783
432,,,1,0.6446806597037312
310,,,1,0.5797121107701647
315,,,1,0.6647377835155451
486,,,1,0.6671318985754675
363,,,1,0.6776320924586345
342,,,1,0.671245706763165
698,,,1,0.8010059605855353
237,,,1,0.6060433994244427
675,,,1,0.6924641760594378
430,,,1,0.7869052327110001
509,,,1,0.6359077902800706
443,,,1,0.7941532121913304
583,,,1,0.7948950942190524
150,,,1,0.6639010988491862
128,,,1,0.6446806597037312
644,,,1,0.671245706763165
806,,,1,0.6647377835155451
409,,,1,0.6339059818292176
197,,,1,0.6446806597037312
231,,,1,0.6814185846466151
173,,,1,0.6985948293257693
174,,,1,0.6359077902800706
768,,,1,0.6621981455011601
682,,,1,0.6953087982703154
273,,,1,0.7927308401523283
147,,,1,0.7935583318396479
126,,,1,0.651550655677888
889,,,1,0.6648271452363781
185,,,1,0.8043614620121895
910,,,1,0.595536352437986
562,,,1,0.7862547433803141
552,,,1,0.655730029416589
269,,,1,0.6625581744748804
507,,,1,0.6776320924586345
891,,,1,0.6597278766888337
549,,,1,0.6597278766888337
913,,,1,0.671245706763165
407,,,1,0.8144447327339895
191,,,1,0.809800708125808
408,,,1,0.655730029416589
416,,,1,0.8303484301308666
176,,,1,0.6645028988402494
886,,,1,0.643657223190914
921,,,1,0.6681482466664735
523,,,1,0.655730029416589
663,,,1,0.6671318985754675
164,,,1,0.6846493843728965
894,,,1,0.6588528963107869
274,,,1,0.6732475152140179
678,,,1,0.8065462639229733
558,,,1,0.671245706763165
833,,,1,0.8147173333555707
824,,,1,0.8126769171893051
761,,,1,0.6953087982703154
116,,,1,0.8144447327339895
311,,,1,0.7652590819659677
424,,,1,0.655730029416589
664,,,1,0.643657223190914
475,,,1,0.7944258128129112
152,,,1,0.6763193160990707
240,,,1,0.8126769171893051
757,,,1,0.671245706763165
401,,,1,0.6738560241964443
905,,,1,0.6953087982703154
599,,,1,0.7944258128129112
741,,,1,0.7941532121913304
724,,,1,0.655730029416589
412,,,1,0.6846493843728965
642,,,1,0.6824144893272259
259,,,1,0.8205753860003213
608,,,1,0.655730029416589
121,,,1,0.6448434163387389
927,,,1,0.8213704324842186
710,,,1,0.7824734822480047
808,,,1,0.8205753860003213
217,,,1,0.655730029416589
578,,,1,0.655730029416589
218,,,1,0.653728220965736
389,,,1,0.8065462639229733
435,,,1,0.6153585915745043
449,,,1,0.7862547433803141
211,,,1,0.6735525038550709
853,,,1,0.7824734822480047
541,,,1,0.8195985883546526
659,,,1,0.6645028988402494
588,,,1,0.7824734822480047
453,,,1,0.6261397373934849
731,,,1,0.6814185846466151
375,,,1,0.676921116090134
145,,,1,0.6261397373934849
138,,,1,0.653728220965736
771,,,1,0.8088956560569954
591,,,1,0.8242177768645351
730,,,1,0.6261397373934849
117,,,1,0.653728220965736
877,,,1,0.655730029416589
528,,,1,0.6824144893272259
399,,,1,0.653728220965736
820,,,1,0.8065462639229733
930,,,1,0.8242177768645351
194,,,1,0.6738560241964443
852,,,1,0.6645028988402494
587,,,1,0.8205753860003213
290,,,1,0.655730029416589
420,,,1,0.809800708125808
914,,,1,0.6773152207796815
134,,,1,0.6735525038550709
298,,,1,0.8065462639229733
